customer_id,monetary,frequency,recency,T,time_between,avg_basket_value,avg_basket_size,cnt_returns,has_returned,target_monetary
17198,521.66,2,6,248,3.0,260.83,121.0,0,0,692.22
18180,601.84999999999991,2,6,19,3.0,300.92,276.5,0,0,1843.75
13884,189.95,2,6,160,3.0,94.97,31.0,0,0,781.3
14731,251.01999999999998,2,7,89,3.5,125.51,91.0,0,0,380.02
15467,402.56,2,7,29,3.5,201.28,117.5,0,0,511.88
12433,3787.12,2,7,250,3.5,1893.56,1791.0,0,0,13375.87
14901,490.75,3,12,249,4.0,163.58,68.0,0,0,1414.99
13827,300.76,2,10,20,5.0,150.38,47.5,0,0,412.05
16869,387.68,2,10,52,5.0,193.84,121.0,0,0,805.62
17837,360.56,3,15,40,5.0,120.19,33.67,0,0,1560.53
12627,1206.18,2,11,17,5.5,603.09,345.0,0,0,4478.53
14456,636.65,2,11,19,5.5,318.32,288.0,0,0,3047.63
14723,471.0,2,13,248,6.5,235.5,103.0,0,0,1158.3
13167,417.54999999999995,2,13,20,6.5,208.77,223.5,0,0,791.33
14808,1514.36,4,28,49,7.0,378.59,310.0,0,0,2175.37
17997,1276.7199999999998,4,31,41,7.75,319.18,375.25,0,0,1676.18
12352,601.18000000000006,4,34,173,8.5,150.3,47.0,0,0,1545.41
18242,694.07999999999993,2,17,90,8.5,347.04,204.0,0,0,2232.49
16321,155.7,2,18,200,9.0,77.85,21.0,0,0,230.7
15145,724.03,2,21,125,10.5,362.01,219.0,0,0,1194.73
13895,937.3,2,21,41,10.5,468.65,218.0,0,0,2588.12
14561,566.99,2,22,61,11.0,283.5,187.5,0,0,1080.76
15237,1093.6499999999999,2,24,104,12.0,546.82,399.0,0,0,1412.32
13461,884.2,2,25,40,12.5,442.1,418.0,0,0,1445.0
17609,529.39,2,25,204,12.5,264.69,134.5,0,0,1103.92
17894,867.85,6,81,243,13.5,144.64,53.5,0,0,1119.81
14515,765.65,2,27,95,13.5,382.82,185.5,0,0,2102.09
15267,1407.76,2,27,59,13.5,703.88,352.0,0,0,1717.36
17830,287.65,2,27,165,13.5,143.82,32.5,0,0,398.7
13486,819.61,2,27,32,13.5,409.81,264.5,0,0,1122.41
16012,1132.1200000000001,2,27,32,13.5,566.06,275.5,0,0,1415.29
16744,241.69,2,28,50,14.0,120.84,73.0,0,0,1304.76
15679,260.26,2,28,59,14.0,130.13,199.0,0,0,781.28
16929,428.88,2,28,32,14.0,214.44,163.0,0,0,1295.39
16682,626.3,2,29,64,14.5,313.15,281.0,0,0,1028.0
13719,338.74,2,29,111,14.5,169.37,93.0,0,0,1041.68
15505,1446.1799999999998,2,29,32,14.5,723.09,370.0,0,0,3497.14
16639,471.15,2,29,112,14.5,235.57,79.5,0,0,1169.38
12843,1670.8100000000002,7,105,141,15.0,238.69,107.43,0,0,1680.76
15572,876.04,2,30,155,15.0,438.02,211.0,0,0,2552.86
12878,854.99,2,30,143,15.0,427.5,273.5,0,0,841.64
14035,700.58,2,30,174,15.0,350.29,187.0,0,0,1428.02
12527,284.92,2,31,202,15.5,142.46,110.5,0,0,348.71
12412,890.74,2,32,46,16.0,445.37,299.5,0,0,1226.88
16131,1664.52,2,32,116,16.0,832.26,396.0,0,0,3506.54
17856,1118.39,3,48,158,16.0,372.8,187.0,0,0,1393.79
16794,496.87,2,32,57,16.0,248.44,261.5,0,0,1210.89
13220,726.49,3,51,113,17.0,242.16,44.0,0,0,819.29
16342,226.20999999999998,2,34,56,17.0,113.1,61.5,0,0,322.41
15907,529.52,2,34,87,17.0,264.76,128.0,0,0,967.45
16122,249.84,2,34,243,17.0,124.92,223.0,0,0,684.42
12697,733.91000000000008,2,38,46,19.0,366.96,179.5,0,0,939.02
16103,1156.4,4,76,110,19.0,289.1,97.0,0,0,1429.64
14704,221.16000000000003,2,38,57,19.0,110.58,56.5,0,0,1546.91
17932,934.51,2,38,88,19.0,467.25,296.5,0,0,1331.57
13184,1451.9399999999998,8,160,167,20.0,181.49,192.13,0,0,1648.79
16210,10593.21,8,160,250,20.0,1324.15,521.75,0,0,21086.3
17884,602.84,3,60,248,20.0,200.95,185.0,0,0,717.45
17058,819.66000000000008,2,40,116,20.0,409.83,227.5,0,0,1179.89
17522,912.25,4,80,95,20.0,228.06,233.0,0,0,1070.71
18179,1103.16,4,84,213,21.0,275.79,182.25,0,0,1793.17
13155,569.2,2,42,245,21.0,284.6,131.0,0,0,971.76
16771,1655.9500000000003,3,63,215,21.0,551.98,350.67,0,0,2246.81
13362,1581.5300000000002,2,42,164,21.0,790.77,363.5,0,0,3085.49
17579,270.86,2,42,56,21.0,135.43,65.0,0,0,440.2
13571,801.15,6,126,130,21.0,133.53,112.0,0,0,2092.32
12704,690.37,2,42,46,21.0,345.19,151.0,0,0,2220.84
15410,2702.6699999999996,6,132,138,22.0,450.44,156.17,0,0,3450.84
15606,2136.16,7,154,201,22.0,305.17,92.0,0,0,2422.64
16308,960.0,2,44,138,22.0,480.0,1500.0,0,0,2560.0
13139,1170.02,2,44,136,22.0,585.01,229.0,0,0,5055.79
16258,3741.06,4,92,96,23.0,935.26,586.25,0,0,5203.51
13524,247.7,2,46,96,23.0,123.85,65.0,0,0,680.18
15270,1272.35,3,72,187,24.0,424.12,219.67,0,0,2298.2
14701,1895.13,6,144,193,24.0,315.85,108.33,0,0,2486.22
14883,358.48,2,48,88,24.0,179.24,161.0,0,0,756.64
12562,1605.23,3,72,75,24.0,535.08,258.67,0,0,3781.74
17634,1814.67,5,125,214,25.0,362.93,91.4,0,0,2361.97
13491,1088.45,9,225,249,25.0,120.94,90.22,0,0,1215.82
12728,617.31,3,75,209,25.0,205.77,85.33,0,0,836.33
18173,1728.8400000000001,3,75,151,25.0,576.28,342.67,0,0,2106.84
12877,1059.2300000000002,9,234,235,26.0,117.69,78.33,0,0,1535.77
14336,1114.3899999999999,3,78,153,26.0,371.46,329.67,0,0,1614.91
16184,564.81999999999994,3,78,88,26.0,188.27,78.67,0,0,1155.54
17929,435.0,2,54,185,27.0,217.5,30.0,0,0,834.5
15984,782.07999999999993,5,135,245,27.0,156.42,71.8,0,0,2816.97
12423,1451.69,6,162,230,27.0,241.95,164.5,0,0,1849.11
15433,533.3,2,54,144,27.0,266.65,267.0,0,0,417.87
16633,703.31999999999994,2,54,111,27.0,351.66,150.5,0,0,2878.15
16877,188.98000000000002,2,56,85,28.0,94.49,52.0,0,0,853.72
15547,2404.5299999999997,6,168,239,28.0,400.75,267.5,0,0,4954.84
15529,2399.08,8,224,243,28.0,299.88,254.75,0,0,3967.78
16283,472.47,2,56,85,28.0,236.24,196.5,0,0,1531.51
16115,658.66,4,112,169,28.0,164.66,98.0,0,0,1667.97
15981,2458.2,6,174,188,29.0,409.7,216.0,0,0,3408.48
16407,1060.6100000000001,6,174,189,29.0,176.77,89.33,0,0,2126.93
18149,549.68,2,58,150,29.0,274.84,140.0,0,0,612.08
12393,1061.1,3,87,209,29.0,353.7,174.0,0,0,1582.6
12449,1636.88,2,58,64,29.0,818.44,328.5,0,0,4067.29
14163,1659.3899999999999,3,87,116,29.0,553.13,196.33,0,0,2445.91
15411,382.21000000000004,2,58,59,29.0,191.11,77.5,0,0,1346.38
16841,1561.06,5,150,164,30.0,312.21,375.6,0,0,1774.62
13835,537.33999999999992,2,60,92,30.0,268.67,145.5,0,0,834.57
13265,1465.66,3,90,150,30.0,488.55,379.33,0,0,2107.66
14289,832.78,5,155,166,31.0,166.56,55.6,0,0,911.26
18144,1807.75,7,217,250,31.0,258.25,125.14,0,0,2888.75
17042,680.9,3,93,124,31.0,226.97,224.0,0,0,1044.38
13591,776.23,2,62,143,31.0,388.12,131.5,0,0,1117.13
13654,1714.27,4,128,150,32.0,428.57,383.0,0,0,2707.33
12517,1538.7,2,64,67,32.0,769.35,420.5,0,0,2464.89
15227,876.81999999999994,3,102,194,34.0,292.27,196.33,0,0,1219.4
13756,2558.34,7,238,244,34.0,365.48,234.0,0,0,5145.12
16249,1352.27,3,102,116,34.0,450.76,228.0,0,0,1800.07
16770,631.28,4,136,249,34.0,157.82,89.75,0,0,744.9
17516,455.21,2,68,162,34.0,227.6,154.5,0,0,768.08
13606,250.42000000000002,2,68,188,34.0,125.21,121.5,0,0,280.54
16224,865.88,3,108,126,36.0,288.63,266.0,0,0,1295.3
14868,896.47,2,72,110,36.0,448.24,227.5,0,0,2939.64
17716,3436.7599999999998,4,144,144,36.0,859.19,484.75,0,0,5505.79
15440,237.66,2,72,85,36.0,118.83,62.5,0,0,383.68
16232,725.04,2,72,92,36.0,362.52,219.0,0,0,983.23
13077,577.44,2,76,243,38.0,288.72,303.5,0,0,729.27
16477,1999.26,6,240,248,40.0,333.21,183.17,0,0,2494.46
12464,590.45,4,160,186,40.0,147.61,16.75,0,0,1212.05
12356,2753.08,2,80,202,40.0,1376.54,793.0,0,0,2811.43
16809,468.74,3,126,139,42.0,156.25,123.33,0,0,912.74
14818,409.63,2,84,130,42.0,204.81,101.0,0,0,657.8
17323,532.2,4,168,169,42.0,133.05,126.0,0,0,908.99
16085,325.03999999999996,2,84,197,42.0,162.52,112.0,0,0,981.51
12372,914.92000000000007,2,84,173,42.0,457.46,296.0,0,0,1298.04
14530,2021.27,4,168,173,42.0,505.32,211.75,0,0,2925.91
14447,601.03,2,84,157,42.0,300.51,156.5,0,0,1163.23
15527,1313.94,5,210,231,42.0,262.79,101.2,0,0,2348.82
13875,1424.8,4,168,178,42.0,356.2,251.25,0,0,1786.79
17043,324.97,2,88,143,44.0,162.49,178.5,0,0,1735.18
16099,592.1,2,88,102,44.0,296.05,181.0,0,0,731.9
16005,298.08,2,88,147,44.0,149.04,63.5,0,0,615.39
13728,635.08,4,176,187,44.0,158.77,66.0,0,0,1016.14
16719,1269.93,5,220,245,44.0,253.99,147.2,0,0,1773.92
17412,709.82,4,176,249,44.0,177.46,89.5,0,0,1258.06
16221,315.37,2,92,244,46.0,157.69,133.5,0,0,864.86
17027,642.68000000000006,3,138,194,46.0,214.23,94.0,0,0,877.09
16750,317.74,2,96,109,48.0,158.87,46.5,0,0,623.93
17816,21.310000000000002,2,96,242,48.0,10.66,11.0,0,0,36.56
14404,998.68,4,200,246,50.0,249.67,152.25,0,0,1434.72
14936,3636.3900000000003,2,100,152,50.0,1818.2,890.0,0,0,8117.42
15712,458.65,2,104,164,52.0,229.32,88.0,0,0,1072.36
13562,1209.73,2,104,122,52.0,604.87,263.5,0,0,1799.33
14188,1090.3600000000001,3,156,187,52.0,363.45,199.33,0,0,2018.91
13451,2403.69,4,208,211,52.0,600.92,439.5,0,0,2916.45
17388,953.03000000000009,3,156,164,52.0,317.68,259.67,0,0,1259.56
12759,1082.52,2,104,152,52.0,541.26,315.0,0,0,1531.44
16493,782.29,3,156,206,52.0,260.76,235.33,0,0,1329.66
17351,427.29999999999995,2,104,150,52.0,213.65,46.0,0,0,587.15
16395,967.25,3,162,207,54.0,322.42,299.0,0,0,1486.9
18145,1023.78,2,108,189,54.0,511.89,431.5,0,0,2861.55
17863,1785.28,4,224,246,56.0,446.32,404.25,0,0,3160.0
18079,2206.18,2,112,115,56.0,1103.09,2537.5,0,0,3651.97
12933,356.24,2,112,160,56.0,178.12,188.5,0,0,606.28
13652,638.24,2,112,245,56.0,319.12,145.0,0,0,1095.08
14419,307.56,2,112,241,56.0,153.78,81.0,0,0,1058.06
16126,1844.0,2,112,173,56.0,922.0,269.0,0,0,6287.77
12744,8121.13,3,174,195,58.0,2707.04,1545.0,0,0,9120.39
17596,1738.73,4,232,245,58.0,434.68,711.75,0,0,2827.93
12836,2112.53,3,174,188,58.0,704.18,286.0,0,0,2612.86
17470,816.47,4,240,244,60.0,204.12,318.75,0,0,1125.07
16940,1868.3600000000001,2,120,166,60.0,934.18,618.0,0,0,3049.88
16040,876.18000000000006,2,120,145,60.0,438.09,254.5,0,0,1313.55
17158,698.55,2,128,237,64.0,349.27,230.5,0,0,1266.97
14501,251.21,2,136,196,68.0,125.61,80.5,0,0,190.31
17676,499.86,3,240,243,80.0,166.62,100.67,0,0,1383.27
18043,451.80999999999995,2,160,243,80.0,225.9,123.0,0,0,559.51
12808,281.35,2,184,245,92.0,140.68,54.0,0,0,483.65
17802,599.22,2,192,249,96.0,299.61,199.0,0,0,1251.84
15831,397.11,2,200,201,100.0,198.56,339.5,0,0,747.76
17602,909.55,2,200,201,100.0,454.77,450.5,0,0,5050.77
16385,274.85,2,208,243,104.0,137.43,77.5,0,0,555.89
15380,582.56,2,224,242,112.0,291.28,108.0,0,0,1682.36
15036,245.69,2,2,56,1.0,122.84,75.5,0,0,465.55
12432,4016.66,2,2,49,1.0,2008.33,713.5,0,0,5059.32
12778,492.05999999999995,4,129,189,32.25,123.02,114.5,0,0,804.23
16686,1210.22,4,161,232,40.25,302.56,256.0,0,0,3043.48
12823,1224.0,4,169,173,42.25,306.0,40.0,0,0,1759.5
14572,1450.99,4,177,201,44.25,362.75,177.5,0,0,2803.69
14466,1345.6999999999998,4,185,249,46.25,336.42,114.5,0,0,2272.4
16907,711.87999999999988,4,217,242,54.25,177.97,57.25,0,0,981.65
16531,684.53,4,233,237,58.25,171.13,141.75,0,0,1244.59
17033,608.1,2,145,236,72.5,304.05,95.0,0,0,1030.14
17064,461.29999999999995,2,145,204,72.5,230.65,94.5,0,0,859.35
14499,370.96,2,145,155,72.5,185.48,95.5,0,0,815.32
15862,491.01,2,169,250,84.5,245.5,179.5,0,0,832.88
13764,945.63,2,193,214,96.5,472.81,295.0,0,0,1521.76
15587,456.84,2,209,228,104.5,228.42,78.0,0,0,913.68
14737,1081.75,2,225,230,112.5,540.88,151.5,0,0,1164.55
14135,2441.46,8,186,249,23.25,305.18,343.38,0,0,4690.31
14702,1497.5499999999997,8,210,242,26.25,187.19,68.5,0,0,3250.64
17937,3327.48,4,105,239,26.25,831.87,312.0,0,0,4301.22
17160,2243.1299999999997,4,105,118,26.25,560.78,466.25,0,0,3518.03
16681,1332.68,4,109,130,27.25,333.17,262.5,0,0,1770.34
15910,550.61,4,109,193,27.25,137.65,107.75,0,0,1232.18
15134,614.86,4,113,117,28.25,153.72,97.5,0,0,1387.99
12613,1462.52,2,65,139,32.5,731.26,379.5,0,0,3218.98
14395,1956.2700000000002,6,195,249,32.5,326.05,161.83,0,0,3471.91
16497,1550.6999999999998,4,130,210,32.5,387.68,197.25,0,0,2965.69
12407,1407.3600000000001,4,130,141,32.5,351.84,309.25,0,0,1708.12
16668,216.23999999999998,4,146,161,36.5,54.06,43.5,0,0,306.72
15199,657.15000000000009,2,73,185,36.5,328.58,113.5,0,0,1268.7
16241,1204.06,6,231,246,38.5,200.68,97.67,0,0,2607.87
12854,775.02,2,77,195,38.5,387.51,208.5,0,0,1289.15
17930,694.1400000000001,2,77,116,38.5,347.07,260.5,0,0,1740.48
13208,835.06999999999994,4,154,186,38.5,208.77,143.25,0,0,1217.42
14959,422.38,2,81,173,40.5,211.19,171.0,0,0,684.97
13959,337.44,2,81,239,40.5,168.72,99.0,0,0,598.2
16327,2469.64,4,170,246,42.5,617.41,404.5,0,0,3844.22
16600,237.45999999999998,2,85,215,42.5,118.73,184.0,0,0,813.52
17284,1210.27,4,170,213,42.5,302.57,262.5,0,0,1641.68
12597,1428.81,2,85,145,42.5,714.4,337.5,0,0,3683.13
13634,625.41000000000008,2,85,204,42.5,312.71,126.5,0,0,1575.16
13048,939.92000000000007,2,89,204,44.5,469.96,331.5,0,0,1805.91
12388,1668.3400000000001,4,178,203,44.5,417.09,190.0,0,0,2780.66
13577,822.1,2,93,118,46.5,411.05,168.5,0,0,1658.3
14422,1032.15,2,97,144,48.5,516.08,270.5,0,0,4263.64
17302,303.12,2,97,182,48.5,151.56,95.0,0,0,1119.93
18263,811.40000000000009,2,97,129,48.5,405.7,524.0,0,0,1211.08
17734,540.21,2,97,110,48.5,270.11,171.5,0,0,700.63
15681,703.22,2,97,157,48.5,351.61,225.0,0,0,946.36
12645,798.90000000000009,2,97,193,48.5,399.45,237.5,0,0,1755.38
15288,2006.3600000000001,4,210,242,52.5,501.59,180.25,0,0,2306.52
17361,263.91999999999996,2,105,168,52.5,131.96,31.5,0,0,488.2
16660,384.36,2,109,196,54.5,192.18,114.0,0,0,810.45
14477,523.0,2,113,174,56.5,261.5,150.0,0,0,1307.81
13405,557.45,2,113,194,56.5,278.73,81.5,0,0,572.45
17625,1234.78,2,117,134,58.5,617.39,423.5,0,0,2047.0
14535,1653.91,2,121,125,60.5,826.96,484.0,0,0,2841.09
14553,312.32,2,121,216,60.5,156.16,91.0,0,0,859.27
15053,478.6,2,125,158,62.5,239.3,257.0,0,0,697.79
12990,263.9,2,125,187,62.5,131.95,65.0,0,0,409.5
13527,585.64,2,125,203,62.5,292.82,115.0,0,0,2263.76
15675,225.39,2,125,157,62.5,112.69,242.5,0,0,323.69
16612,708.90000000000009,2,125,188,62.5,354.45,166.0,0,0,1187.66
15206,53.099999999999994,2,130,152,65.0,26.55,9.0,0,0,420.3
14514,403.11,2,130,208,65.0,201.56,86.5,0,0,1055.35
14506,831.66000000000008,3,207,246,69.0,277.22,85.67,0,0,2012.17
16593,255.5,2,138,204,69.0,127.75,42.5,0,0,330.03
14409,1601.7299999999998,3,219,245,73.0,533.91,329.33,0,0,1908.25
12421,396.03,2,146,196,73.0,198.01,124.0,0,0,806.27
16062,778.14,3,231,241,77.0,259.38,216.67,0,0,1153.62
15394,1436.44,2,154,235,77.0,718.22,273.0,0,0,2183.54
17870,603.22,3,243,243,81.0,201.07,130.67,0,0,1889.4
17373,287.3,2,178,189,89.0,143.65,100.0,0,0,646.92
17420,391.51,2,202,250,101.0,195.75,84.5,0,0,598.83
16549,781.52,2,210,211,105.0,390.76,258.5,0,0,4154.64
15514,1385.67,4,139,241,34.75,346.42,211.75,0,0,2963.19
18094,2402.3,4,155,168,38.75,600.58,548.5,0,0,3017.3
17365,2371.0099999999998,4,163,209,40.75,592.75,640.5,0,0,4801.56
14841,2375.57,4,179,235,44.75,593.89,308.75,0,0,3295.76
14257,2725.8399999999997,4,195,195,48.75,681.46,334.5,0,0,3087.27
16954,1245.38,4,235,236,58.75,311.35,186.0,0,0,2085.08
15550,279.03999999999996,2,131,178,65.5,139.52,79.0,0,0,575.63
15164,368.17999999999995,2,131,216,65.5,184.09,71.5,0,0,843.05
16014,529.93000000000006,2,139,168,69.5,264.97,114.5,0,0,653.13
16128,694.7,2,139,159,69.5,347.35,183.0,0,0,1880.22
15312,604.15000000000009,2,139,231,69.5,302.08,168.5,0,0,921.1
14684,519.26,2,147,239,73.5,259.63,147.5,0,0,1236.28
16842,866.95,2,147,179,73.5,433.48,274.5,0,0,1260.44
16532,4516.8,2,203,215,101.5,2258.4,768.0,0,0,6748.8
14775,701.46,2,235,249,117.5,350.73,401.0,0,0,1011.9
16950,778.41,2,243,244,121.5,389.2,168.5,0,0,1178.56
12684,1379.48,4,43,90,10.75,344.87,318.5,0,0,2283.63
14397,681.04,8,86,90,10.75,85.13,68.5,0,0,2556.68
13113,8552.3499999999985,16,204,243,12.75,534.52,133.19,0,0,10463.58
14132,1214.3400000000001,4,55,60,13.75,303.59,288.5,0,0,3580.13
14534,2742.6999999999994,12,183,195,15.25,228.56,116.17,0,0,4075.35
14583,787.64,4,61,82,15.25,196.91,143.0,0,0,1052.55
13232,878.45,4,63,120,15.75,219.61,137.25,0,0,1357.6
16880,856.91,4,63,66,15.75,214.23,120.0,0,0,1519.08
12670,1026.3899999999999,2,33,109,16.5,513.19,244.0,0,0,2986.15
14715,247.45,2,33,208,16.5,123.72,64.0,0,0,867.38
16007,733.45,2,35,92,17.5,366.73,291.5,0,0,1701.94
17324,702.2299999999999,2,35,243,17.5,351.11,303.0,0,0,990.23
16266,650.74,4,70,83,17.5,162.69,75.0,0,0,861.89
15026,230.78,2,37,154,18.5,115.39,40.5,0,0,469.0
15485,1278.63,2,37,250,18.5,639.32,301.5,0,0,2575.0
13637,684.85,2,39,103,19.5,342.43,177.0,0,0,810.5
17886,396.26,2,39,126,19.5,198.13,112.5,0,0,899.61
14178,312.89,2,39,59,19.5,156.44,141.0,0,0,1620.93
13911,2437.63,8,164,185,20.5,304.7,273.63,0,0,2580.91
17097,287.64,2,41,242,20.5,143.82,57.5,0,0,941.17
13791,1516.0,2,41,45,20.5,758.0,600.0,0,0,1047.68
13575,218.75,2,43,53,21.5,109.38,56.5,0,0,732.07
16107,851.7,2,43,60,21.5,425.85,91.0,0,0,3204.16
17576,1930.12,10,215,242,21.5,193.01,121.5,0,0,3457.78
16370,546.58,2,43,102,21.5,273.29,163.5,0,0,1320.56
14854,2291.6899999999996,6,141,151,23.5,381.95,238.5,0,0,2749.89
13450,1421.4599999999998,4,94,95,23.5,355.36,317.5,0,0,2043.72
17965,1893.9799999999998,10,235,246,23.5,189.4,113.4,0,0,2622.57
14546,857.51,2,47,125,23.5,428.75,248.0,0,0,2487.02
16110,693.93000000000006,2,49,188,24.5,346.97,176.5,0,0,1337.48
13502,189.16,2,49,200,24.5,94.58,55.0,0,0,292.0
14440,1185.71,2,49,242,24.5,592.86,170.5,0,0,2357.68
14730,767.06999999999994,4,98,153,24.5,191.77,110.5,0,0,2005.06
18177,1029.57,4,98,132,24.5,257.39,134.75,0,0,1333.17
17483,274.74,2,49,60,24.5,137.37,49.0,0,0,414.04
14700,1557.6,2,49,115,24.5,778.8,429.0,0,0,2235.3
14623,397.86,2,49,112,24.5,198.93,97.5,0,0,869.35
16357,257.95,2,51,90,25.5,128.97,27.5,0,0,658.88
13174,2108.27,2,53,246,26.5,1054.13,485.0,0,0,2817.03
13026,243.72000000000003,2,55,152,27.5,121.86,174.0,0,0,936.15
17214,613.67000000000007,4,110,236,27.5,153.42,44.75,0,0,984.12
12524,3122.48,6,171,210,28.5,520.41,381.67,0,0,4485.72
16969,478.96000000000004,2,57,68,28.5,239.48,370.0,0,0,650.41
15755,620.73,2,59,171,29.5,310.37,177.5,0,0,2318.88
13647,803.86,2,59,111,29.5,401.93,220.5,0,0,1670.22
14562,1706.5,6,177,181,29.5,284.42,128.17,0,0,4709.22
13735,1335.55,2,59,111,29.5,667.77,346.0,0,0,2766.18
15214,651.62999999999988,2,59,119,29.5,325.81,278.0,0,0,1661.44
15271,1230.5600000000002,8,236,242,29.5,153.82,78.63,0,0,2485.82
15809,399.21000000000004,4,118,179,29.5,99.8,62.75,0,0,399.21
12700,2113.05,2,59,92,29.5,1056.53,687.0,0,0,4867.99
18150,413.28,2,61,78,30.5,206.64,118.0,0,0,566.58
14507,600.31000000000006,2,61,153,30.5,300.16,162.0,0,0,1368.18
13435,694.98,2,63,66,31.5,347.49,305.0,0,0,3794.49
14631,630.07999999999993,2,63,175,31.5,315.04,176.0,0,0,1006.98
15132,489.87,2,63,139,31.5,244.94,188.5,0,0,977.93
17211,1447.34,6,189,246,31.5,241.22,130.0,0,0,2299.67
17819,3424.67,6,189,248,31.5,570.78,164.5,0,0,3661.07
12500,1395.84,5,165,210,33.0,279.17,196.2,0,0,4206.27
15952,327.8,2,66,102,33.0,163.9,72.0,0,0,806.57
14800,3653.9700000000003,7,231,246,33.0,522.0,419.43,0,0,4316.61
13946,485.97,2,66,144,33.0,242.99,131.5,0,0,561.57
14401,2137.3599999999997,7,231,236,33.0,305.34,317.14,0,0,4039.98
15561,449.66999999999996,2,66,92,33.0,224.83,47.5,0,0,722.74
14719,488.12,2,70,126,35.0,244.06,199.0,0,0,1592.18
16326,1073.92,5,175,211,35.0,214.78,43.2,0,0,3085.96
13610,639.81,4,140,162,35.0,159.95,79.25,0,0,1115.43
12619,1319.66,3,105,130,35.0,439.89,431.0,0,0,3214.81
15116,790.97,2,70,81,35.0,395.49,127.5,0,0,1352.75
15144,2446.4399999999996,5,175,189,35.0,489.29,246.4,0,0,6564.84
17800,595.5,5,175,211,35.0,119.1,74.8,0,0,1199.01
16444,224.18,2,70,141,35.0,112.09,66.0,0,0,638.77
12937,428.23,2,70,144,35.0,214.12,134.0,0,0,1504.27
15906,751.81,3,111,132,37.0,250.6,78.67,0,0,1521.79
16023,500.69000000000005,2,74,143,37.0,250.35,113.5,0,0,719.81
16076,630.92000000000007,2,74,85,37.0,315.46,223.0,0,0,2173.53
16915,382.39,4,156,160,39.0,95.6,14.75,0,0,621.68
16748,910.2,3,117,211,39.0,303.4,164.0,0,0,1515.9
16882,215.70000000000002,2,78,194,39.0,107.85,51.0,0,0,705.12
15858,816.22,2,78,244,39.0,408.11,362.5,0,0,1438.85
12867,2344.2,5,195,237,39.0,468.84,519.2,0,0,3986.22
16389,670.17,2,78,160,39.0,335.08,153.5,0,0,1362.27
17107,6334.06,3,123,155,41.0,2111.35,810.67,0,0,10380.43
17135,500.55000000000007,2,82,248,41.0,250.28,210.0,0,0,1139.73
14948,543.67,2,82,96,41.0,271.83,176.5,0,0,1066.57
13285,1970.1,3,129,167,43.0,656.7,484.67,0,0,2709.12
16905,836.98,3,135,248,45.0,278.99,88.67,0,0,3085.48
12676,998.05,4,188,188,47.0,249.51,123.5,0,0,1331.39
13953,2250.0,4,188,229,47.0,562.5,450.0,0,0,3515.68
18069,988.92,3,147,204,49.0,329.64,211.0,0,0,2021.82
12939,7990.08,4,196,211,49.0,1997.52,802.0,0,0,11581.8
13750,1316.63,4,196,213,49.0,329.16,107.75,0,0,1647.26
16462,68.0,2,98,160,49.0,34.0,4.0,0,0,102.0
12654,337.75,2,98,172,49.0,168.88,75.5,0,0,601.98
17686,3036.75,2,102,179,51.0,1518.38,611.5,0,0,5739.46
17571,561.2,3,153,175,51.0,187.07,162.0,0,0,1498.51
13865,383.34,3,153,166,51.0,127.78,51.33,0,0,501.56
13309,546.64,2,102,185,51.0,273.32,308.0,0,0,1456.79
14609,486.36,3,153,173,51.0,162.12,2102.0,0,0,601.56
16059,951.3,4,204,244,51.0,237.83,98.0,0,0,1459.86
17917,230.45999999999998,2,106,239,53.0,115.23,65.5,0,0,341.28
12691,556.3,4,212,234,53.0,139.07,49.5,0,0,1035.8
16657,446.11,2,106,131,53.0,223.06,334.0,0,0,933.62
14049,3273.37,3,159,194,53.0,1091.12,720.0,0,0,5639.15
15987,803.37,4,220,245,55.0,200.84,315.25,0,0,1451.28
16726,795.19,3,165,238,55.0,265.06,180.33,0,0,1382.02
14390,1570.51,4,228,249,57.0,392.63,184.25,0,0,4592.47
18097,2011.4,4,228,231,57.0,502.85,354.5,0,0,2692.85
14657,628.99,3,171,203,57.0,209.66,112.67,0,0,838.27
17618,666.78,2,114,239,57.0,333.39,123.5,0,0,971.58
17191,1175.7,3,177,245,59.0,391.9,213.0,0,0,2095.13
13373,2055.58,2,118,153,59.0,1027.79,472.0,0,0,3312.25
17754,542.72,2,118,137,59.0,271.36,397.5,0,0,1739.92
16511,582.7,2,122,143,61.0,291.35,137.5,0,0,950.26
17827,1583.81,2,122,241,61.0,791.9,480.5,0,0,1995.46
14449,401.3,2,126,249,63.0,200.65,168.0,0,0,907.1
12609,800.73,2,132,195,66.0,400.37,259.0,0,0,1126.85
13313,918.34000000000015,3,198,216,66.0,306.11,162.33,0,0,1555.32
13149,882.90000000000009,2,140,166,70.0,441.45,279.0,0,0,1676.06
13487,408.8,2,140,230,70.0,204.4,106.5,0,0,575.4
15048,256.45,2,148,245,74.0,128.22,61.0,0,0,380.57
14044,345.18,2,164,186,82.0,172.59,72.5,0,0,652.82
15150,1915.3100000000002,4,141,146,35.25,478.83,311.5,0,0,5303.97
17228,687.57999999999993,4,165,249,41.25,171.9,152.75,0,0,1906.09
17873,1492.32,4,189,250,47.25,373.08,219.75,0,0,1764.36
12557,9000.96,4,213,248,53.25,2250.24,866.0,0,0,11990.96
15861,1130.0,2,133,144,66.5,565.0,438.0,0,0,3000.36
16442,437.03,2,133,237,66.5,218.51,177.0,0,0,616.79
18017,344.0,2,141,187,70.5,172.0,100.0,0,0,523.0
15799,481.24,2,149,211,74.5,240.62,269.5,0,0,884.14
14321,626.93000000000006,2,157,210,78.5,313.47,577.0,0,0,1530.75
17988,78.36,2,165,203,82.5,39.18,9.0,0,0,191.17
13238,318.85,2,197,237,98.5,159.43,68.5,0,0,680.83
13705,522.68,2,229,250,114.5,261.34,118.5,0,0,711.86
13145,413.8,2,245,249,122.5,206.9,12.5,0,0,614.77
17669,2064.7200000000003,4,79,126,19.75,516.18,298.0,0,0,3406.72
13623,532.02,4,87,174,21.75,133.0,37.0,0,0,672.44
14978,1537.28,4,95,207,23.75,384.32,104.25,0,0,1931.42
18236,641.19,4,111,117,27.75,160.3,77.5,0,0,882.24
17848,821.6,8,230,235,28.75,102.7,48.75,0,0,901.2
15815,1874.7,4,119,136,29.75,468.68,378.5,0,0,2100.6
14713,1819.78,8,238,242,29.75,227.47,140.38,0,0,2664.26
14030,1435.02,4,123,243,30.75,358.75,162.5,0,0,2360.09
12539,2801.84,2,71,210,35.5,1400.92,489.0,0,0,3852.5
17088,1399.1100000000001,2,71,130,35.5,699.56,262.5,0,0,1991.01
17180,549.21,2,75,193,37.5,274.61,263.0,0,0,780.38
17002,993.52,2,75,167,37.5,496.76,211.0,0,0,1487.78
16833,671.29,2,75,211,37.5,335.64,153.0,0,0,1106.53
15953,807.2399999999999,4,158,246,39.5,201.81,112.25,0,0,1634.53
17673,1209.77,4,158,197,39.5,302.44,271.75,0,0,1622.22
13394,1236.5900000000001,4,158,186,39.5,309.15,281.25,0,0,2312.8
14262,545.5,2,83,117,41.5,272.75,204.5,0,0,2618.23
17769,1828.73,4,182,197,45.5,457.18,268.75,0,0,3966.84
17979,484.64,2,91,136,45.5,242.32,137.0,0,0,737.81
14524,1052.7199999999998,4,182,237,45.5,263.18,105.75,0,0,1867.68
12993,175.3,2,91,175,45.5,87.65,46.0,0,0,414.76
15038,517.45,4,182,246,45.5,129.36,32.0,0,0,665.59
17076,334.2,2,91,241,45.5,167.1,56.0,0,0,841.08
17631,416.5,2,95,109,47.5,208.25,92.5,0,0,528.33
15421,739.36,2,95,187,47.5,369.68,189.5,0,0,950.36
13515,335.56,2,99,124,49.5,167.78,153.5,0,0,891.12
15722,729.3,2,103,167,51.5,364.65,146.5,0,0,2181.21
14880,363.27,2,103,165,51.5,181.63,122.5,0,0,706.19
13038,591.76,2,107,167,53.5,295.88,140.0,0,0,908.46
17426,3279.23,2,107,159,53.5,1639.62,920.5,0,0,5022.26
12541,536.14,2,107,157,53.5,268.07,209.5,0,0,981.18
13334,2731.84,2,115,182,57.5,1365.92,675.0,0,0,3536.82
15628,1313.55,4,238,243,59.5,328.39,215.25,0,0,2865.64
15806,521.88,2,119,153,59.5,260.94,206.5,0,0,784.58
12456,2265.4,2,123,131,61.5,1132.7,536.5,0,0,3153.89
12530,1221.65,3,213,213,71.0,407.22,200.0,0,0,1623.63
17720,532.38,2,142,244,71.0,266.19,101.0,0,0,1195.94
18211,268.70000000000005,2,142,155,71.0,134.35,76.0,0,0,600.07
16003,1793.9,3,225,236,75.0,597.97,198.33,0,0,2735.37
15563,735.62,2,158,235,79.0,367.81,371.0,0,0,1319.69
16918,523.03,2,158,194,79.0,261.51,165.5,0,0,1043.34
14798,97.4,2,166,187,83.0,48.7,52.0,0,0,173.74
16470,340.71,2,166,235,83.0,170.35,84.5,0,0,757.44
13614,794.98,2,166,207,83.0,397.49,123.5,0,0,1610.46
15208,323.52,2,190,230,95.0,161.76,77.0,0,0,867.62
16891,437.91999999999996,2,230,248,115.0,218.96,79.0,0,0,809.7
13509,665.02,4,135,161,33.75,166.25,191.75,0,0,979.72
14312,854.59,4,151,214,37.75,213.65,96.25,0,0,1611.59
16455,1133.78,4,167,248,41.75,283.44,153.0,0,0,1841.18
13538,714.90000000000009,4,167,192,41.75,178.72,25.5,0,0,1280.85
15916,830.23,4,175,243,43.75,207.56,98.25,0,0,1491.24
13824,1429.84,4,175,187,43.75,357.46,165.0,0,0,1698.94
12490,2092.71,4,191,206,47.75,523.18,289.75,0,0,5417.93
15752,1288.4299999999998,4,223,249,55.75,322.11,246.75,0,0,2628.93
13831,1455.3899999999999,4,231,246,57.75,363.85,129.25,0,0,2202.99
17572,152.2,2,135,250,67.5,76.1,28.0,0,0,226.75
17092,633.07,2,151,154,75.5,316.54,195.5,0,0,1777.78
12724,280.36,2,159,209,79.5,140.18,89.0,0,0,1031.41
13064,659.25,2,175,204,87.5,329.63,142.0,0,0,1119.49
13029,773.2,2,215,230,107.5,386.6,46.0,0,0,1247.5
17396,4801.8,2,223,248,111.5,2400.9,552.5,0,0,7330.8
15530,1168.73,3,97,123,32.33,389.58,222.0,0,0,1502.35
15756,364.84000000000003,3,97,126,32.33,121.61,55.67,0,0,532.96
14291,2030.2200000000003,3,103,152,34.33,676.74,418.67,0,0,3873.3
14235,2802.8599999999997,3,103,137,34.33,934.29,613.67,0,0,3093.86
14159,2173.2000000000003,6,218,239,36.33,362.2,323.83,0,0,4678.3
12714,2275.1800000000003,3,115,171,38.33,758.39,489.33,0,0,4708.86
18125,943.49000000000012,3,115,193,38.33,314.5,231.33,0,0,1141.34
15493,1284.2,3,121,147,40.33,428.07,119.0,0,0,1967.25
15605,690.18000000000006,3,121,250,40.33,230.06,88.67,0,0,1198.23
17090,649.05000000000007,3,127,231,42.33,216.35,104.33,0,0,2041.85
13956,680.27,3,133,148,44.33,226.76,128.33,0,0,1026.42
17262,955.36,3,139,243,46.33,318.45,109.0,0,0,1253.36
17867,944.73,3,145,165,48.33,314.91,124.33,0,0,622.75
15819,1585.4699999999998,3,145,153,48.33,528.49,379.67,0,0,1905.45
17888,178.78,3,145,234,48.33,59.59,65.33,0,0,525.78
13381,1781.0900000000001,3,151,175,50.33,593.7,309.67,0,0,3626.81
16153,700.1,3,169,231,56.33,233.37,136.0,0,0,1824.23
15203,994.88000000000011,3,175,188,58.33,331.63,366.33,0,0,1827.8
16332,659.27,3,175,182,58.33,219.76,90.33,0,0,1583.2
16081,992.37,3,181,243,60.33,330.79,158.67,0,0,2806.9
13069,2867.6200000000003,14,242,246,17.29,204.83,221.57,0,0,3740.52
17799,2114.41,7,198,238,28.29,302.06,156.43,0,0,3026.08
12747,2467.7,7,205,246,29.29,352.53,114.29,0,0,4196.01
14282,2251.48,7,205,244,29.29,321.64,227.71,0,0,3729.34
18219,1367.13,7,219,245,31.29,195.3,85.14,0,0,2019.77
16098,1712.49,6,245,250,40.83,285.42,83.5,0,0,2005.63
14083,548.92,6,245,248,40.83,91.49,66.83,0,0,1018.43
13001,8594.52,11,168,203,15.27,781.32,442.82,0,0,9797.92
16168,1992.22,13,241,246,18.54,153.25,80.92,0,0,3770.6
17338,4239.4800000000005,6,200,238,33.33,706.58,321.17,0,0,6612.18
15656,563.63,3,106,161,35.33,187.88,67.33,0,0,748.5
16043,676.49,3,106,194,35.33,225.5,114.0,0,0,773.99
14273,450.04999999999995,3,106,119,35.33,150.02,65.33,0,0,559.97
14233,959.1,3,106,194,35.33,319.7,136.67,0,0,1447.51
16466,522.84,3,112,169,37.33,174.28,106.67,0,0,1603.46
14852,1634.21,3,112,129,37.33,544.74,337.67,0,0,2836.69
16348,775.14,3,112,117,37.33,258.38,137.67,0,0,1469.45
16242,841.64,3,112,154,37.33,280.55,124.67,0,0,3598.26
17515,571.36999999999989,3,112,195,37.33,190.46,73.33,0,0,639.02
14844,2257.6800000000003,3,118,118,39.33,752.56,433.67,0,0,3189.81
17921,601.76,3,118,143,39.33,200.59,97.67,0,0,826.52
16621,609.41000000000008,3,130,154,43.33,203.14,62.33,0,0,813.48
14976,425.26,3,130,203,43.33,141.75,37.0,0,0,765.86
15062,814.04,3,142,236,47.33,271.35,180.33,0,0,987.86
13340,8272.3000000000011,3,142,153,47.33,2757.43,1408.0,0,0,10736.48
13804,1355.1100000000001,3,148,166,49.33,451.7,263.67,0,0,2635.79
14739,1307.6200000000001,3,148,244,49.33,435.87,358.0,0,0,3899.1
16539,1053.6100000000001,3,154,250,51.33,351.2,140.33,0,0,1388.81
16293,1129.74,3,160,244,53.33,376.58,171.0,0,0,2236.74
13901,2209.39,3,160,195,53.33,736.46,388.0,0,0,2867.2
14167,402.1,3,166,208,55.33,134.03,35.33,0,0,574.84
17059,1510.6699999999998,3,172,246,57.33,503.56,281.33,0,0,3095.04
18016,488.76,3,178,241,59.33,162.92,69.0,0,0,1483.56
14796,4982.7200000000012,12,229,243,19.08,415.23,310.42,0,0,7839.51
13268,2111.4,6,98,144,16.33,351.9,416.17,0,0,3167.64
13015,1763.04,3,52,126,17.33,587.68,235.0,0,0,3346.28
16033,4479.83,12,232,246,19.33,373.32,134.58,0,0,8727.61
13437,2024.25,3,61,67,20.33,674.75,213.33,0,0,3408.06
17075,675.72,3,64,194,21.33,225.24,79.33,0,0,813.77
13632,810.34999999999991,3,70,120,23.33,270.12,105.0,0,0,2117.02
17133,2478.79,3,76,143,25.33,826.26,375.0,0,0,4892.24
15570,2771.13,9,228,246,25.33,307.9,125.56,0,0,4109.97
16709,1984.5900000000001,3,82,158,27.33,661.53,173.67,0,0,3029.87
14005,696.56000000000006,3,82,92,27.33,232.19,288.0,0,0,2874.72
14662,524.86,3,82,193,27.33,174.95,113.33,0,0,771.17
15971,1818.0500000000002,6,170,188,28.33,303.01,128.67,0,0,4199.85
14659,1568.15,6,170,192,28.33,261.36,125.83,0,0,2456.53
14711,1885.25,7,100,139,14.29,269.32,96.29,0,0,2838.2
18229,4368.66,12,235,250,19.58,364.05,108.17,0,0,7276.9
13117,751.37,6,155,249,25.83,125.23,101.83,0,0,984.91
13983,1681.0600000000002,6,179,243,29.83,280.18,132.17,0,0,2590.46
14878,1083.02,6,185,235,30.83,180.5,104.5,0,0,1485.54
17001,2210.3900000000003,6,185,235,30.83,368.4,199.67,0,0,3989.57
13695,1202.7700000000002,9,131,136,14.56,133.64,81.56,0,0,2504.13
14060,3795.8199999999997,13,242,249,18.62,291.99,277.69,0,0,6135.38
17315,3615.2699999999995,24,230,234,9.58,150.64,108.38,0,0,6204.46
16019,2952.25,7,228,241,32.57,421.75,170.43,0,0,3450.24
17750,839.06000000000006,3,31,41,10.33,279.69,598.33,0,0,1797.57
15023,4399.84,7,235,246,33.57,628.55,294.86,0,0,6763.16
17231,1903.1200000000003,7,235,238,33.57,271.87,149.0,0,0,3127.82
16813,899.39,5,73,81,14.6,179.88,193.2,0,0,1692.98
17685,1512.72,5,106,249,21.2,302.54,177.6,0,0,3191.53
17975,3315.9900000000002,10,232,243,23.2,331.6,115.0,0,0,4393.61
13700,1245.8,5,151,204,30.2,249.16,311.8,0,0,2265.12
17288,663.69999999999993,5,151,235,30.2,132.74,132.4,0,0,1419.73
13758,2351.52,5,172,250,34.4,470.3,298.6,0,0,3190.55
15856,8436.16,11,225,242,20.45,766.92,480.0,0,0,16173.67
16904,2487.97,10,237,244,23.7,248.8,111.3,0,0,3754.27
16458,1967.5,10,237,237,23.7,196.75,126.4,0,0,3482.74
13426,1558.68,5,177,236,35.4,311.74,239.8,0,0,3550.7
12766,4952.1900000000005,5,217,243,43.4,990.44,499.0,0,0,6989.63
13305,891.19999999999993,5,227,249,45.4,178.24,124.0,0,0,2000.86
17961,1179.6200000000001,28,249,249,8.89,42.13,16.75,0,0,1296.44
17690,3063.9300000000003,9,187,250,20.78,340.44,115.44,0,0,4748.45
16746,3773.31,9,214,235,23.78,419.26,228.33,0,0,6694.31
14667,5229.3700000000008,15,241,245,16.07,348.62,204.27,0,0,9231.2
16945,2402.4700000000003,7,225,235,32.14,343.21,226.71,0,0,4345.5
15983,1148.27,3,13,250,4.33,382.76,233.33,0,0,1475.02
18116,1254.47,7,130,241,18.57,179.21,96.86,0,0,1418.03
15301,3223.96,7,221,245,31.57,460.57,239.43,0,0,5028.12
17238,1959.9199999999998,9,235,248,26.11,217.77,101.0,0,0,3744.65
18041,2822.7699999999995,14,229,249,16.36,201.63,188.79,0,0,4161.14
16745,5576.130000000001,14,181,188,12.93,398.29,364.14,0,0,7170.7
16814,5020.2900000000009,15,239,246,15.93,334.69,140.67,0,0,6500.6
14367,5364.7,7,139,153,19.86,766.39,364.0,0,0,9167.82
13871,3643.8900000000008,7,174,185,24.86,520.56,227.86,0,0,6389.8
17346,1112.19,7,195,250,27.86,158.88,124.0,0,0,2611.58
13629,4897.3600000000006,7,202,215,28.86,699.62,396.0,0,0,7792.36
14606,8689.8700000000026,61,250,250,4.1,142.46,73.49,0,0,11713.85
12682,7085.84,15,228,248,15.2,472.39,201.53,0,0,12288.22
16609,2710.0400000000004,5,117,129,23.4,542.01,249.0,0,0,5450.96
14315,1550.1499999999999,5,137,143,27.4,310.03,137.8,0,0,2456.98
16712,1766.1999999999998,5,147,153,29.4,353.24,163.6,0,0,3645.43
15059,721.03,5,164,211,32.8,144.21,60.2,0,0,1325.82
17705,659.8,5,164,178,32.8,131.96,83.4,0,0,1781.12
14101,4944.3899999999994,5,184,203,36.8,988.88,1281.2,0,0,5976.79
17491,1660.31,5,234,244,46.8,332.06,206.8,0,0,3541.92
15860,654.28,5,244,245,48.8,130.86,54.6,0,0,977.21
12455,2176.36,5,169,173,33.8,435.27,353.2,0,0,2466.86
15298,1777.1999999999998,5,179,243,35.8,355.44,265.0,0,0,3774.1
13183,2183.02,5,199,211,39.8,436.6,254.8,0,0,3957.78
17287,702.41000000000008,5,229,249,45.8,140.48,70.0,0,0,1064.11
15555,2524.3900000000003,9,211,246,23.44,280.49,240.56,0,0,4758.2
13969,3205.13,9,238,242,26.44,356.13,173.0,0,0,8986.69
17611,2719.15,9,238,238,26.44,302.13,207.67,0,0,3947.87
14866,223.10000000000002,3,230,243,76.67,74.37,56.0,0,0,14197.45
13104,376.44,3,221,231,73.67,125.48,60.0,0,0,1098.48
14293,739.41,3,221,245,73.67,246.47,142.33,0,0,1046.56
17757,3145.6,19,242,249,12.74,165.56,90.68,0,0,5585.49
16655,1868.89,3,200,208,66.67,622.96,345.0,0,0,3794.52
12928,1136.14,3,212,236,70.67,378.71,230.0,0,0,2062.7
14498,921.7,3,212,238,70.67,307.23,150.0,0,0,1957.32
13782,487.93,3,203,204,67.67,162.64,62.0,0,0,912.0
16206,409.86,3,203,204,67.67,136.62,67.67,0,0,537.06
15532,1161.94,3,227,235,75.67,387.31,120.67,0,0,1517.08
13138,489.45,3,239,249,79.67,163.15,81.0,0,0,962.39
12480,2144.95,3,193,213,64.33,714.98,365.33,0,0,3281.63
15835,675.51,3,193,207,64.33,225.17,111.0,0,0,954.09
12429,2844.88,3,193,242,64.33,948.29,348.33,0,0,3750.4
15482,2103.5,3,193,235,64.33,701.17,230.33,0,0,6568.72
17293,705.17000000000007,3,205,238,68.33,235.06,151.0,0,0,1875.11
16711,909.87,3,217,234,72.33,303.29,84.33,0,0,1651.03
17905,618.99,3,217,250,72.33,206.33,94.0,0,0,800.24
14688,3833.4500000000003,15,244,250,16.27,255.56,184.27,0,0,5107.38
17227,473.75,3,196,245,65.33,157.92,98.67,0,0,939.32
14741,668.86,3,208,249,69.33,222.95,162.67,0,0,1400.34
14907,1930.5700000000002,3,220,244,73.33,643.52,310.67,0,0,3478.85
16271,887.08,3,232,235,77.33,295.69,228.33,0,0,1423.29
14577,646.64,3,199,239,66.33,215.55,93.33,0,0,859.71
16899,510.18,3,211,237,70.33,170.06,75.0,0,0,1281.56
13982,1219.44,3,202,242,67.33,406.48,259.67,0,0,1861.11
15024,757.69,3,238,244,79.33,252.56,129.0,0,0,1661.33
16931,2743.9700000000003,13,238,246,18.31,211.07,145.92,0,0,4604.22
15005,3969.07,18,239,243,13.28,220.5,150.17,0,0,6180.49
16607,2017.58,9,230,235,25.56,224.18,229.78,0,0,3083.67
17954,1852.8600000000001,9,248,248,27.56,205.87,203.33,0,0,2295.37
16767,3666.74,5,181,193,36.2,733.35,574.4,0,0,5580.6
15218,3160.0499999999997,5,181,195,36.2,632.01,354.2,0,0,5756.89
15114,1162.8700000000001,5,153,178,30.6,232.57,249.4,0,0,2760.56
12523,704.94,5,196,208,39.2,140.99,83.8,0,0,1745.57
14732,1618.3000000000002,5,196,216,39.2,323.66,192.0,0,0,2686.34
15033,1366.03,5,206,206,41.2,273.21,158.6,0,0,2571.02
15727,3721.8199999999997,5,216,236,43.2,744.36,357.8,0,0,5178.96
13668,4433.86,15,226,239,15.07,295.59,172.07,0,0,6216.07
14099,1949.6999999999998,7,197,231,28.14,278.53,219.0,0,0,3092.97
13842,2165.27,7,211,243,30.14,309.32,127.57,0,0,3385.62
16353,2820.1100000000006,11,227,246,20.64,256.37,91.55,0,0,6675.71
14810,1517.1,9,224,246,24.89,168.57,80.56,0,0,2087.88
17613,2827.41,7,136,182,19.43,403.92,230.0,0,0,4509.37
13784,1632.3899999999999,7,164,209,23.43,233.2,249.29,0,0,2462.79
15356,1977.72,7,213,245,30.43,282.53,172.14,0,0,2766.5
14062,6093.1100000000006,7,220,241,31.43,870.44,445.0,0,0,10464.85
16710,1843.8899999999999,7,230,245,32.86,263.41,199.29,0,0,2483.04
16764,522.06,3,17,20,5.67,174.02,84.0,0,0,2758.25
17857,9642.78,10,193,242,19.3,964.28,577.0,0,0,26763.34
13230,2080.1800000000003,10,213,242,21.3,208.02,123.3,0,0,2652.97
12726,1467.3200000000002,5,173,234,34.6,293.46,388.4,0,0,2609.1
17236,697.73,5,183,239,36.6,139.55,80.0,0,0,916.13
18077,1113.27,5,193,243,38.6,222.65,168.8,0,0,2633.01
17402,1162.3100000000002,5,203,246,40.6,232.46,54.8,0,0,2633.85
15867,2623.9,11,226,246,20.55,238.54,117.18,0,0,3797.79
15044,5141.38,11,226,239,20.55,467.4,139.91,0,0,7629.38
15465,5670.9800000000005,15,231,246,15.4,378.07,58.47,0,0,6945.02
15640,8792.02,10,248,249,24.8,879.2,482.4,0,0,12433.34
14408,1996.5099999999998,5,134,141,26.8,399.3,259.2,0,0,2606.53
17218,948.57999999999993,5,154,245,30.8,189.72,79.2,0,0,1960.72
13246,1860.99,5,154,207,30.8,372.2,309.2,0,0,1922.1
17530,1367.8600000000001,5,159,242,31.8,273.57,159.2,0,0,2385.0
15058,1245.66,5,188,189,37.6,249.13,123.4,0,0,2124.99
16556,2084.2400000000002,5,198,237,39.6,416.85,228.6,0,0,3313.79
12347,2790.8599999999997,5,238,244,47.6,558.17,318.0,0,0,4310.0
14825,1339.37,7,241,245,34.43,191.34,77.43,0,0,2226.91
14504,542.71,3,35,155,11.67,180.9,87.67,0,0,673.26
16987,629.45,3,35,82,11.67,209.82,34.33,0,0,1625.05
17061,4190.7699999999995,6,85,109,14.17,698.46,210.33,0,0,5171.57
16942,1422.66,6,91,104,15.17,237.11,98.83,0,0,1894.11
18241,918.08,6,94,94,15.67,153.01,84.67,0,0,2058.09
16775,1064.92,7,234,244,33.43,152.13,36.29,0,0,1695.66
13263,4453.0099999999993,19,198,202,10.42,234.37,136.32,0,0,7454.07
12841,2736.1000000000004,16,243,248,15.19,171.01,105.5,0,0,3876.4
14587,1470.63,8,147,208,18.38,183.83,90.75,0,0,1598.24
16393,1466.02,8,227,246,28.38,183.25,109.88,0,0,2941.05
13178,4391.7300000000005,8,227,237,28.38,548.97,324.88,0,0,5725.47
15129,2490.73,8,165,168,20.63,311.34,193.63,0,0,3447.4
18283,985.77,8,189,214,23.63,123.22,80.88,0,0,2094.88
15854,2393.69,8,221,238,27.63,299.21,93.0,0,0,2974.65
17920,2207.5399999999995,8,237,250,29.63,275.94,183.13,0,0,4204.1
14415,3272.2699999999995,8,237,237,29.63,409.03,197.0,0,0,5811.56
18008,2065.41,6,115,195,19.17,344.24,252.83,0,0,2116.19
12594,1789.95,6,139,199,23.17,298.33,153.0,0,0,3320.22
14541,1315.6499999999996,6,151,196,25.17,219.28,100.5,0,0,1461.65
16187,3898.44,6,157,161,26.17,649.74,456.5,0,0,6841.24
18092,4670.0399999999991,6,181,242,30.17,778.34,401.33,0,0,9065.76
12948,886.26,3,50,141,16.67,295.42,129.33,0,0,2053.7
15453,485.01,3,56,64,18.67,161.67,88.33,0,0,1388.37
17796,622.0,3,56,246,18.67,207.33,53.33,0,0,697.9
13592,205.51,3,59,141,19.67,68.5,23.67,0,0,247.96
16906,394.94,3,62,125,20.67,131.65,61.33,0,0,579.77
16333,14369.2,9,186,186,20.67,1596.58,2580.44,0,0,26626.8
16011,1516.8899999999999,9,222,243,24.67,168.54,111.78,0,0,3362.71
17790,1158.29,9,231,241,25.67,128.7,58.11,0,0,1965.55
17838,1687.6999999999998,3,80,249,26.67,562.57,346.67,0,0,2312.7
13118,786.29,3,80,165,26.67,262.1,88.33,0,0,1125.0
12913,866.3900000000001,3,86,245,28.67,288.8,115.0,0,0,2483.63
12370,2806.41,3,86,237,28.67,935.47,657.67,0,0,3545.69
12599,857.04,6,178,181,29.67,142.84,124.83,0,0,1032.58
17589,1843.07,3,89,117,29.67,614.36,435.67,0,0,2404.17
14077,310.4,3,92,151,30.67,103.47,49.33,0,0,499.42
12567,5820.76,6,190,246,31.67,970.13,400.33,0,0,9114.94
17068,3058.3000000000006,13,233,245,17.92,235.25,105.69,0,0,4535.64
14085,3235.4399999999996,12,227,245,18.92,269.62,183.0,0,0,4435.79
16728,550.0,3,98,141,32.67,183.33,107.0,0,0,1054.67
17372,1061.1299999999999,6,196,239,32.67,176.85,99.0,0,0,1342.68
17758,1436.2,3,98,127,32.67,478.73,302.33,0,0,3456.7
17966,594.43000000000006,3,110,138,36.67,198.14,390.33,0,0,1098.43
12348,1487.24,3,110,235,36.67,495.75,708.0,0,0,1797.24
17164,1270.42,3,122,150,40.67,423.47,267.33,0,0,2466.4
16365,862.56,6,244,244,40.67,143.76,54.17,0,0,1540.42
15407,740.73,3,122,182,40.67,246.91,109.67,0,0,1056.44
16225,953.64,3,128,154,42.67,317.88,150.33,0,0,1096.32
16182,4844.0,3,164,171,54.67,1614.67,933.33,0,0,6617.65
13137,1165.23,3,170,185,56.67,388.41,231.0,0,0,3605.08
16016,809.06999999999994,3,170,243,56.67,269.69,103.33,0,0,1483.31
14913,917.15000000000009,3,176,236,58.67,305.72,454.0,0,0,1227.43
14871,354.75,3,182,237,60.67,118.25,38.0,0,0,522.38
13709,2327.12,3,188,192,62.67,775.71,485.0,0,0,6249.11
17735,9268.0300000000025,13,240,244,18.46,712.93,451.85,0,0,13110.02
17243,3704.0200000000009,14,234,246,16.71,264.57,96.93,0,0,8628.55
18044,1105.53,7,194,237,27.71,157.93,93.0,0,0,2085.65
17858,3104.2,7,201,246,28.71,443.46,324.0,0,0,5155.66
18061,1552.0700000000002,7,215,243,30.71,221.72,110.43,0,0,2119.41
13880,1680.7599999999998,7,222,244,31.71,240.11,121.71,0,0,3219.77
16188,755.03,3,101,119,33.67,251.68,215.0,0,0,981.86
15172,886.74,3,101,113,33.67,295.58,279.33,0,0,1624.05
12910,1486.9,3,107,118,35.67,495.63,276.67,0,0,3075.04
16434,724.22,3,107,176,35.67,241.41,130.33,0,0,1522.25
17019,995.93,3,107,245,35.67,331.98,219.33,0,0,1272.61
13168,963.6099999999999,3,119,195,39.67,321.2,185.0,0,0,1310.14
16791,576.15,3,119,209,39.67,192.05,89.33,0,0,1706.28
17220,2172.4,6,238,241,39.67,362.07,200.5,0,0,3198.25
17449,1322.6899999999998,3,125,236,41.67,440.9,202.0,0,0,2504.86
17667,1751.01,3,137,175,45.67,583.67,302.33,0,0,2055.51
16515,987.6099999999999,3,161,188,53.67,329.2,183.67,0,0,1627.13
14004,2196.36,3,161,165,53.67,732.12,374.67,0,0,4582.64
16409,1039.27,3,167,194,55.67,346.42,225.67,0,0,2028.88
18161,771.26,3,179,196,59.67,257.09,129.0,0,0,1612.79
12664,1957.48,3,179,199,59.67,652.49,168.33,0,0,4863.88
14970,1119.75,3,179,193,59.67,373.25,55.0,0,0,1592.06
15998,2106.26,3,191,239,63.67,702.09,458.0,0,0,3084.17
16038,375.88,3,24,78,8.0,125.29,75.33,1,1,454.33
18232,490.12,4,40,74,10.0,122.53,68.5,1,1,582.47
16837,1908.49,8,88,122,11.0,238.56,90.75,1,1,3167.73
12656,1621.3500000000001,3,39,119,13.0,540.45,223.33,1,1,3982.72
13456,826.16,4,52,84,13.0,206.54,63.0,1,1,1737.82
15674,677.07999999999993,3,39,131,13.0,225.69,142.0,1,1,1744.02
14191,1498.79,6,87,97,14.5,249.8,151.0,1,1,4660.01
12674,946.8,3,45,84,15.0,315.6,156.67,1,1,1919.31
17469,718.16,3,48,81,16.0,239.39,103.33,1,1,1843.06
16774,297.6,3,48,55,16.0,99.2,44.67,1,1,654.92
16871,1986.97,4,72,147,18.0,496.74,214.5,1,1,2761.49
13134,849.79,3,57,117,19.0,283.26,106.33,1,1,1740.63
14640,1484.41,5,100,104,20.0,296.88,114.6,1,1,2042.15
17416,4340.75,5,105,158,21.0,868.15,523.0,1,1,6838.34
14038,1080.52,3,63,84,21.0,360.17,233.0,1,1,1554.48
15290,2969.44,11,231,236,21.0,269.95,144.0,1,1,7803.77
14145,2257.2,4,84,94,21.0,564.3,114.0,1,1,3148.2
15632,1926.33,6,132,151,22.0,321.06,172.83,1,1,3147.31
17272,1405.3400000000001,3,66,139,22.0,468.45,386.33,1,1,2144.53
12967,1630.95,3,69,248,23.0,543.65,145.67,1,1,1194.75
13988,1916.85,4,92,131,23.0,479.21,322.25,1,1,4098.8
12477,4572.7699999999995,3,72,188,24.0,1524.26,455.0,1,1,13117.01
18272,1720.4,4,96,123,24.0,430.1,293.5,1,1,3064.78
15367,1406.28,3,72,152,24.0,468.76,249.33,1,1,1867.69
13410,539.18999999999994,4,104,168,26.0,134.8,74.25,1,1,988.91
12679,869.12999999999988,3,78,160,26.0,289.71,130.67,1,1,1058.67
14258,9366.42,7,189,214,27.0,1338.06,774.0,1,1,12650.08
12647,2833.8099999999995,9,243,246,27.0,314.87,114.22,1,1,3669.92
17419,2649.25,8,224,244,28.0,331.16,151.5,1,1,4200.97
14776,1658.64,6,168,189,28.0,276.44,331.67,1,1,2195.58
17648,1099.4399999999998,3,87,126,29.0,366.48,96.0,1,1,1789.55
17162,1455.41,6,174,182,29.0,242.57,144.0,1,1,1707.21
16325,362.91999999999996,3,90,122,30.0,120.97,34.0,1,1,510.54
14738,753.08999999999992,6,186,193,31.0,125.52,54.5,1,1,1289.94
14428,326.38,3,93,202,31.0,108.79,47.0,1,1,1230.14
13717,943.24,5,170,175,34.0,188.65,313.2,1,1,1432.26
13495,1017.6800000000001,4,136,245,34.0,254.42,117.5,1,1,1990.12
14769,6165.130000000001,6,216,234,36.0,1027.52,706.0,1,1,10641.6
14221,2024.0600000000002,5,190,216,38.0,404.81,220.6,1,1,3427.85
15289,693.3,3,114,126,38.0,231.1,252.0,1,1,935.1
13397,975.52,4,160,216,40.0,243.88,74.75,1,1,1539.18
16086,584.9799999999999,4,168,244,42.0,146.25,61.75,1,1,1119.31
18155,242.76,3,126,168,42.0,80.92,62.67,1,1,347.82
13588,582.18999999999994,3,132,132,44.0,194.06,229.0,1,1,2445.12
15660,839.24,5,230,242,46.0,167.85,113.6,1,1,1552.01
13984,386.85,5,240,243,48.0,77.37,47.8,1,1,488.03
16979,545.69999999999993,3,150,174,50.0,181.9,44.67,1,1,1809.05
15110,368.05,3,192,195,64.0,122.68,40.0,1,1,970.25
13680,871.48000000000025,3,3,216,1.0,290.49,175.33,1,1,2202.31
13870,1350.51,4,153,164,38.25,337.63,178.5,1,1,2751.25
17739,1065.47,4,169,237,42.25,266.37,101.5,1,1,2786.05
16203,374.54999999999995,4,225,249,56.25,93.64,39.25,1,1,589.15
15140,1123.1999999999998,4,73,141,18.25,280.8,224.0,1,1,2350.0
14239,1358.19,8,186,193,23.25,169.77,80.88,1,1,2323.5
13141,1398.08,4,101,192,25.25,349.52,235.25,1,1,2385.8
16628,1118.53,4,105,111,26.25,279.63,146.25,1,1,2183.04
13743,627.47,4,109,136,27.25,156.87,194.75,1,1,1340.15
13999,2219.2,8,226,238,28.25,277.4,170.63,1,1,3865.26
12600,1643.19,8,226,248,28.25,205.4,55.25,1,1,2581.04
16996,692.03,4,113,235,28.25,173.01,63.25,1,1,1427.46
12839,2350.07,8,234,244,29.25,293.76,195.62,1,1,5583.62
16235,656.39,4,146,209,36.5,164.1,62.25,1,1,858.41
13520,2811.3799999999997,6,243,248,40.5,468.56,217.5,1,1,3487.75
12935,1215.0700000000002,4,170,196,42.5,303.77,236.25,1,1,2156.45
15329,736.3,3,231,242,77.0,245.43,126.67,1,1,1005.5
15179,1438.62,4,131,241,32.75,359.65,316.0,1,1,2186.2
12528,1047.1699999999998,4,163,189,40.75,261.79,112.5,1,1,1922.28
15228,2214.28,4,171,171,42.75,553.57,375.5,1,1,3376.96
17593,2247.74,4,211,229,52.75,561.93,368.25,1,1,3911.56
13636,533.95,4,37,162,9.25,133.49,74.25,1,1,941.62
12830,5137.76,4,37,48,9.25,1284.44,1585.75,1,1,6748.4
14064,686.6400000000001,4,63,151,15.75,171.66,215.75,1,1,1188.32
12463,974.39,4,66,118,16.5,243.6,142.75,1,1,1303.63
15804,1394.4299999999998,4,70,75,17.5,348.61,210.0,1,1,3848.55
12720,3290.5500000000006,14,245,246,17.5,235.04,195.64,1,1,5713.28
14031,8390.81,12,246,249,20.5,699.23,280.83,1,1,14634.64
14040,2051.43,8,196,208,24.5,256.43,106.38,1,1,3542.19
16401,2443.9900000000002,8,196,204,24.5,305.5,288.88,1,1,4061.24
12731,11238.25,8,220,241,27.5,1404.78,672.25,1,1,18793.41
14709,2807.64,8,228,235,28.5,350.95,172.25,1,1,4911.14
16394,921.28,4,118,166,29.5,230.32,345.5,1,1,1412.06
17659,1430.51,8,244,249,30.5,178.81,89.88,1,1,2954.75
16566,463.23,4,122,169,30.5,115.81,53.75,1,1,614.01
15416,3134.38,4,132,159,33.0,783.59,424.25,1,1,3974.37
16735,1094.6200000000001,3,99,211,33.0,364.87,229.0,1,1,2269.21
12362,1273.1999999999998,4,140,172,35.0,318.3,161.5,1,1,5154.58
17147,938.16,3,105,188,35.0,312.72,171.0,1,1,1679.64
16992,658.7,3,111,187,37.0,219.57,117.67,1,1,1601.86
13316,3617.74,3,123,131,41.0,1205.91,1905.33,1,1,5815.49
13198,2508.37,5,205,238,41.0,501.67,396.0,1,1,3384.09
16938,1577.5,3,129,185,43.0,525.83,270.0,1,1,1903.13
17682,1455.23,5,225,245,45.0,291.05,147.8,1,1,2459.33
14829,478.73,4,188,249,47.0,119.68,81.5,1,1,644.65
16218,2150.9500000000003,5,235,250,47.0,430.19,309.0,1,1,3054.87
15764,1679.67,3,147,153,49.0,559.89,289.33,1,1,3245.47
15750,1095.58,4,196,243,49.0,273.89,261.75,1,1,2451.23
15549,1594.18,3,159,193,53.0,531.39,216.67,1,1,1655.76
15781,199.4,3,171,182,57.0,66.47,21.33,1,1,333.56
12451,5205.82,3,177,201,59.0,1735.27,1328.33,1,1,8933.52
16676,1065.1,4,133,214,33.25,266.28,101.75,1,1,1558.72
15106,1025.99,4,133,146,33.25,256.5,196.5,1,1,1407.73
17463,1230.59,4,141,190,35.25,307.65,180.0,1,1,1881.36
13157,853.55,4,157,175,39.25,213.39,194.75,1,1,1721.57
15955,1435.6699999999998,4,181,249,45.25,358.92,147.25,1,1,4397.81
14748,1014.81,4,245,245,61.25,253.7,257.5,1,1,1311.79
13213,961.73,4,71,76,17.75,240.43,118.75,1,1,1518.43
15513,8553.2699999999986,12,237,250,19.75,712.77,277.75,1,1,14520.08
15373,1317.5000000000002,8,198,248,24.75,164.69,35.75,1,1,2213.11
12668,2889.67,4,107,232,26.75,722.42,327.5,1,1,3743.18
16618,1424.3400000000001,4,119,199,29.75,356.09,192.5,1,1,2630.64
12598,1563.98,4,123,161,30.75,391.0,236.75,1,1,3002.68
17049,2268.47,4,127,152,31.75,567.12,226.5,1,1,5594.78
16985,3576.0400000000004,6,201,235,33.5,596.01,214.17,1,1,5461.62
12359,3459.93,4,142,208,35.5,864.98,240.25,1,1,6245.53
13908,1439.1100000000001,4,150,153,37.5,359.78,227.75,1,1,2347.05
12633,1925.4,4,158,164,39.5,481.35,263.75,1,1,2140.63
13627,1014.25,4,206,234,51.5,253.56,193.5,1,1,1624.02
15296,2063.69,4,151,203,37.75,515.92,284.25,1,1,3610.31
17175,1119.88,4,159,173,39.75,279.97,160.75,1,1,1430.94
15810,1359.1100000000001,4,167,173,41.75,339.78,213.75,1,1,1119.99
12576,652.0,4,167,181,41.75,163.0,115.0,1,1,1306.98
14621,980.31000000000006,4,231,235,57.75,245.08,101.0,1,1,1765.76
14146,662.3,3,103,234,34.33,220.77,86.67,1,1,2949.57
13225,3918.7599999999993,6,218,238,36.33,653.13,350.0,1,1,6083.04
16186,1926.39,6,230,249,38.33,321.06,274.83,1,1,3991.94
17738,1555.79,3,139,159,46.33,518.6,236.33,1,1,1863.35
15864,400.36,3,139,193,46.33,133.45,67.33,1,1,1769.78
17621,857.98,3,163,231,54.33,285.99,102.0,1,1,1336.1
15081,230.60000000000002,3,163,244,54.33,76.87,37.0,1,1,487.35
15251,7153.57,7,114,118,16.29,1021.94,637.14,1,1,10327.11
15241,1327.0100000000002,7,156,160,22.29,189.57,222.14,1,1,1738.59
17730,2367.36,7,163,203,23.29,338.19,236.29,1,1,5288.83
13881,5713.4,7,170,188,24.29,816.2,556.0,1,1,16989.52
15197,353.85,3,106,235,35.33,117.95,63.33,1,1,656.44
15426,658.03,3,112,246,37.33,219.34,88.0,1,1,1429.9
13846,646.4799999999999,3,118,237,39.33,215.49,113.33,1,1,847.61
16571,858.83,3,124,158,41.33,286.28,285.0,1,1,1285.22
15841,603.30000000000007,3,148,215,49.33,201.1,118.0,1,1,1209.1
12484,2240.16,3,160,213,53.33,746.72,349.67,1,1,4495.27
14916,697.14,3,184,201,61.33,232.38,200.0,1,1,1264.84
13523,2159.74,3,190,243,63.33,719.91,273.67,1,1,3755.38
17340,6705.76,6,215,243,35.83,1117.63,608.33,1,1,11891.18
13499,454.59,3,52,146,17.33,151.53,86.33,1,1,1146.96
17731,601.83,3,55,60,18.33,200.61,83.0,1,1,878.2
13282,770.55,3,58,97,19.33,256.85,57.0,1,1,1047.84
16652,3007.22,3,61,150,20.33,1002.41,476.67,1,1,6654.26
13539,290.15,3,70,186,23.33,96.72,75.0,1,1,605.84
12583,3971.1099999999997,9,219,250,24.33,441.23,365.67,1,1,7187.34
14342,358.89000000000004,3,73,87,24.33,119.63,55.33,1,1,607.71
15449,646.05000000000007,3,76,138,25.33,215.35,171.67,1,1,971.22
14505,3147.3199999999997,6,158,239,26.33,524.55,223.5,1,1,5818.7
17591,1638.6200000000001,6,164,244,27.33,273.1,137.33,1,1,2215.02
14410,639.06000000000006,6,164,182,27.33,106.51,50.5,1,1,576.3
14502,1077.76,6,164,190,27.33,179.63,88.17,1,1,2351.02
17368,1051.7199999999998,6,164,214,27.33,175.29,96.17,1,1,1349.52
16730,440.62,3,85,196,28.33,146.87,218.0,1,1,702.79
14198,347.05000000000007,3,94,116,31.33,115.68,55.0,1,1,663.5
15669,428.09000000000003,3,94,140,31.33,142.7,62.33,1,1,677.69
14107,1822.09,6,188,241,31.33,303.68,212.5,1,1,2688.48
14560,1312.8500000000001,12,223,234,18.58,109.4,20.33,1,1,2174.18
13576,4174.52,12,235,250,19.58,347.88,133.75,1,1,6703.3
16928,1636.16,12,247,250,20.58,136.35,101.5,1,1,2781.5
15874,2181.15,6,107,161,17.83,363.52,176.33,1,1,4330.67
13985,1974.4599999999998,6,137,141,22.83,329.08,161.83,1,1,7024.53
15974,2534.5299999999997,6,155,165,25.83,422.42,253.33,1,1,3429.55
14334,1665.48,6,155,235,25.83,277.58,191.0,1,1,2539.46
14525,1954.94,6,179,238,29.83,325.82,182.5,1,1,4221.37
13993,2024.16,6,185,207,30.83,337.36,100.5,1,1,3409.66
13741,361.03,3,34,94,11.33,120.34,47.33,1,1,666.33
15544,2446.0,7,235,249,33.57,349.43,289.57,1,1,3542.51
15521,1991.98,5,106,131,21.2,398.4,273.0,1,1,2574.65
17054,1204.82,5,111,122,22.2,240.96,147.4,1,1,1353.83
15220,926.77,5,111,157,22.2,185.35,169.0,1,1,1758.92
15034,2655.58,5,121,230,24.2,531.12,265.6,1,1,4277.66
12520,1994.1,5,131,150,26.2,398.82,218.0,1,1,2582.51
14794,645.64,5,131,211,26.2,129.13,61.8,1,1,1272.11
17655,1535.5,5,156,243,31.2,307.1,113.6,1,1,2571.74
13590,1110.5800000000002,5,162,180,32.4,222.12,179.6,1,1,1976.12
14215,1086.47,5,182,245,36.4,217.29,117.0,1,1,1777.92
17091,1969.46,5,182,244,36.4,393.89,202.0,1,1,3802.81
12721,1671.76,5,182,242,36.4,334.35,225.6,1,1,2628.98
14209,1515.3500000000001,5,192,209,38.4,303.07,94.0,1,1,2067.13
17007,562.94,5,202,234,40.4,112.59,67.2,1,1,877.43
16743,1472.87,5,232,235,46.4,294.57,251.4,1,1,2191.84
15838,9286.76,10,207,249,20.7,928.68,-423.2,1,1,33350.76
17377,1870.3799999999999,10,247,250,24.7,187.04,109.3,1,1,3925.92
12826,812.02,5,197,242,39.4,162.4,143.4,1,1,1468.12
13018,4531.94,13,164,172,12.62,348.61,253.92,1,1,7272.75
13199,4338.6,18,223,243,12.39,241.03,185.78,1,1,9803.96
17951,391.8,3,19,250,6.33,130.6,71.33,1,1,990.84
12919,243.1,3,19,46,6.33,81.03,46.0,1,1,1301.44
16678,1501.0900000000001,7,137,159,19.57,214.44,160.14,1,1,3013.83
12481,4096.3,7,186,242,26.57,585.19,335.29,1,1,5590.86
12437,2421.98,9,154,208,17.11,269.11,182.0,1,1,4896.66
18118,4022.2100000000009,19,222,246,11.68,211.7,108.63,1,1,5595.77
16672,5872.19,14,139,143,9.93,419.44,151.36,1,1,8093.59
16626,2025.94,7,139,143,19.86,289.42,151.0,1,1,4379.65
12971,7022.2099999999991,46,246,249,5.35,152.66,114.52,1,1,10851.66
12540,8211.83,10,224,238,22.4,821.18,386.7,1,1,13309.04
14110,2385.1400000000003,5,117,143,23.4,477.03,215.6,1,1,5669.65
12775,1129.88,5,122,188,24.4,225.98,143.2,1,1,1351.24
16949,768.75,5,137,193,27.4,153.75,77.0,1,1,1161.27
13324,3766.14,5,157,237,31.4,753.23,494.0,1,1,7072.8
16143,1569.0700000000002,5,157,246,31.4,313.81,107.0,1,1,2419.84
13110,1006.44,5,174,188,34.8,201.29,54.0,1,1,1452.87
16983,874.17000000000007,5,189,246,37.8,174.83,104.2,1,1,1920.2
16843,7358.8499999999995,9,193,204,21.44,817.65,747.22,1,1,10183.82
18226,3579.9800000000005,9,202,214,22.44,397.78,272.78,1,1,5192.1
18109,3942.7799999999997,17,242,246,14.24,231.93,164.94,1,1,7925.32
16713,3540.0400000000004,11,223,243,20.27,321.82,170.27,1,1,6840.23
16161,2893.8500000000004,13,231,245,17.77,222.6,108.85,1,1,5352.97
14001,1296.3899999999999,3,202,250,67.33,432.13,209.67,1,1,2030.33
17702,686.98,3,202,242,67.33,228.99,212.67,1,1,1719.72
14708,671.48,3,214,245,71.33,223.83,134.67,1,1,1096.67
18065,1399.4,5,181,241,36.2,279.88,117.6,1,1,2380.08
13742,2620.1200000000003,10,158,197,15.8,262.01,96.3,1,1,3102.42
15187,1521.44,5,83,89,16.6,304.29,112.0,1,1,4670.08
15694,3249.98,10,196,249,19.6,325.0,72.7,1,1,6423.6
17744,1257.6399999999999,5,108,235,21.6,251.53,330.0,1,1,2291.08
13126,1054.02,5,113,243,22.6,210.8,210.0,1,1,2056.29
17663,1008.5799999999999,5,133,164,26.6,201.72,84.8,1,1,1788.27
12727,2767.3999999999996,5,133,197,26.6,553.48,319.0,1,1,3947.7
13975,1474.6599999999999,5,148,153,29.6,294.93,192.0,1,1,2503.23
15898,998.79000000000008,5,148,245,29.6,199.76,84.4,1,1,1384.68
13092,421.75,5,148,236,29.6,84.35,17.4,1,1,459.83
12637,2985.45,5,166,200,33.2,597.09,278.8,1,1,5953.25
18245,1613.3100000000002,5,206,232,41.2,322.66,264.2,1,1,2507.56
14309,1277.17,7,190,235,27.14,182.45,135.71,1,1,2319.68
12678,6766.62,7,204,230,29.14,966.66,621.43,1,1,17588.26
12748,12517.21,65,249,250,3.83,192.57,123.49,1,1,30922.14
15719,3551.8500000000004,11,211,214,19.18,322.9,175.09,1,1,5043.96
15046,3713.57,11,211,215,19.18,337.6,212.0,1,1,5064.01
16638,1207.19,7,115,245,16.43,172.46,94.57,1,1,1676.47
15611,530.77,7,171,211,24.43,75.82,14.71,1,1,1568.39
14755,2507.28,7,192,211,27.43,358.18,149.86,1,1,4965.38
12662,2237.0400000000004,7,230,250,32.86,319.58,172.0,1,1,3817.08
14665,713.86,3,14,187,4.67,237.95,88.67,1,1,1258.38
17828,850.41,3,14,61,4.67,283.47,133.0,1,1,1599.97
17562,394.1,3,17,50,5.67,131.37,150.67,1,1,1107.38
14071,225.4,3,23,141,7.67,75.13,66.67,1,1,1307.41
13090,4737.99,9,236,249,26.22,526.44,123.33,1,1,8689.39
12569,1544.29,8,109,129,13.63,193.04,86.75,1,1,4064.99
17861,1259.9699999999998,5,183,196,36.6,251.99,206.6,1,1,2059.2
14733,8605.3,11,226,244,20.55,782.3,320.91,1,1,9451.54
14056,4903.7299999999987,15,156,161,10.4,326.92,177.93,1,1,8127.85
16170,1245.2399999999998,5,114,125,22.8,249.05,240.8,1,1,1880.42
15671,1317.49,5,144,147,28.8,263.5,159.8,1,1,2635.49
14341,1123.62,5,188,195,37.6,224.72,141.4,1,1,2166.38
17629,685.13000000000011,5,188,236,37.6,137.03,125.2,1,1,1784.12
15370,1487.96,5,198,209,39.6,297.59,121.8,1,1,2360.55
12782,2021.07,5,208,234,41.6,404.21,188.4,1,1,2273.32
14944,2468.13,5,208,229,41.6,493.63,275.0,1,1,5842.95
14388,1486.51,5,218,249,43.6,297.3,185.4,1,1,3172.04
18221,528.71,3,32,88,10.67,176.24,99.67,1,1,1033.31
18055,3640.8099999999995,8,241,246,30.13,455.1,152.63,1,1,6752.14
17512,1536.37,8,147,178,18.38,192.05,191.38,1,1,2920.04
13269,2637.1199999999994,8,219,246,27.38,329.64,214.63,1,1,5315.92
16729,4477.64,14,115,118,8.21,319.83,246.0,1,1,7076.28
13549,759.96999999999991,6,100,119,16.67,126.66,68.33,1,1,916.12
13384,1744.9399999999998,3,50,55,16.67,581.65,353.33,1,1,4122.28
13650,718.52,3,62,144,20.67,239.51,93.33,1,1,1809.34
13771,1462.1,3,68,124,22.67,487.37,274.67,1,1,2631.7
15903,641.22,3,68,172,22.67,213.74,225.0,1,1,5126.34
14057,3528.8299999999995,9,222,237,24.67,392.09,334.44,1,1,6147.4
17460,452.62999999999994,6,148,250,24.67,75.44,29.33,1,1,452.63
12749,2678.23,3,83,90,27.67,892.74,355.33,1,1,3868.2
13327,2346.25,6,229,242,38.17,391.04,175.67,1,1,3617.57
